Water-Cement Ratio,Compressive Strength (N/mmÂ²)
0.2651111111,66.66666667
0.2651111111,61.41414141
0.2651111111,60.87542088
0.2651111111,61.27946128
0.2651111111,61.01010101
0.2651111111,61.14478114
0.266,60.87542088
0.266,61.01010101
0.266,60.74074074
0.266,61.27946128
0.266,61.41414141
0.266,61.14478114
0.2668888889,61.14478114
0.2668888889,60.74074074
0.2668888889,61.27946128
0.2668888889,61.01010101
0.2668888889,60.60606061
0.2668888889,60.87542088
0.2677777778,60.74074074
0.2677777778,60.47138047
0.2677777778,60.60606061
0.2677777778,60.87542088
0.2677777778,61.01010101
0.2677777778,61.14478114
0.2686666667,61.01010101
0.2686666667,60.74074074
0.2686666667,60.33670034
0.2686666667,60.60606061
0.2686666667,60.87542088
0.2686666667,60.47138047
0.2695555556,60.33670034
0.2695555556,60.06734007
0.2695555556,60.47138047
0.2695555556,60.2020202
0.2695555556,60.60606061
0.2695555556,60.74074074
0.2704444444,60.2020202
0.2704444444,59.93265993
0.2704444444,60.06734007
0.2704444444,60.33670034
0.2704444444,60.47138047
0.2704444444,60.60606061
0.2713333333,60.06734007
0.2713333333,60.33670034
0.2713333333,60.47138047
0.2713333333,60.2020202
0.2713333333,59.7979798
0.2713333333,59.93265993
0.2722222222,59.66329966
0.2722222222,59.93265993
0.2722222222,60.33670034
0.2722222222,60.06734007
0.2722222222,60.2020202
0.2722222222,59.52861953
0.2722222222,59.7979798
0.2731111111,59.66329966
0.2731111111,59.52861953
0.2731111111,59.39393939
0.2731111111,59.7979798
0.2731111111,60.2020202
0.2731111111,59.93265993
0.2731111111,60.06734007
0.274,59.39393939
0.274,59.52861953
0.274,59.93265993
0.274,59.7979798
0.274,59.66329966
0.274,59.25925926
0.2748888889,59.66329966
0.2748888889,59.52861953
0.2748888889,59.12457912
0.2748888889,59.25925926
0.2748888889,59.7979798
0.2748888889,59.39393939
0.2757777778,58.98989899
0.2757777778,59.25925926
0.2757777778,59.12457912
0.2757777778,59.39393939
0.2757777778,59.66329966
0.2757777778,59.52861953
0.2766666667,59.39393939
0.2766666667,58.85521886
0.2766666667,59.12457912
0.2766666667,58.98989899
0.2766666667,59.25925926
0.2766666667,59.52861953
0.2775555556,58.72053872
0.2775555556,58.85521886
0.2775555556,59.39393939
0.2775555556,59.25925926
0.2775555556,58.58585859
0.2775555556,59.12457912
0.2775555556,58.98989899
0.2784444444,58.98989899
0.2784444444,58.72053872
0.2784444444,59.12457912
0.2784444444,58.85521886
0.2784444444,58.58585859
0.2784444444,58.45117845
0.2793333333,58.45117845
0.2793333333,58.58585859
0.2793333333,58.31649832
0.2793333333,58.72053872
0.2793333333,58.85521886
0.2793333333,58.98989899
0.2802222222,58.72053872
0.2802222222,58.85521886
0.2802222222,58.58585859
0.2802222222,58.18181818
0.2802222222,58.45117845
0.2802222222,58.31649832
0.2811111111,58.04713805
0.2811111111,58.18181818
0.2811111111,58.31649832
0.2811111111,58.72053872
0.2811111111,58.45117845
0.2811111111,58.58585859
0.282,58.45117845
0.282,58.31649832
0.282,57.77777778
0.282,58.58585859
0.282,58.18181818
0.282,57.91245791
0.282,58.04713805
0.2828888889,57.64309764
0.2828888889,57.91245791
0.2828888889,57.77777778
0.2828888889,58.04713805
0.2828888889,58.18181818
0.2828888889,58.31649832
0.2837777778,58.18181818
0.2837777778,57.91245791
0.2837777778,57.50841751
0.2837777778,57.77777778
0.2837777778,57.64309764
0.2837777778,58.04713805
0.2846666667,58.04713805
0.2846666667,57.50841751
0.2846666667,57.64309764
0.2846666667,57.37373737
0.2846666667,57.77777778
0.2846666667,57.91245791
0.2855555556,57.37373737
0.2855555556,57.64309764
0.2855555556,57.23905724
0.2855555556,57.91245791
0.2855555556,57.50841751
0.2855555556,57.77777778
0.2864444444,56.96969697
0.2864444444,57.23905724
0.2864444444,57.37373737
0.2864444444,57.1043771
0.2864444444,57.77777778
0.2864444444,57.50841751
0.2864444444,57.64309764
0.2873333333,56.83501684
0.2873333333,57.1043771
0.2873333333,57.50841751
0.2873333333,56.96969697
0.2873333333,57.64309764
0.2873333333,57.37373737
0.2873333333,57.23905724
0.2882222222,57.23905724
0.2882222222,56.83501684
0.2882222222,56.96969697
0.2882222222,56.7003367
0.2882222222,57.1043771
0.2882222222,57.37373737
0.2891111111,56.7003367
0.2891111111,57.1043771
0.2891111111,56.96969697
0.2891111111,57.23905724
0.2891111111,56.83501684
0.2891111111,56.56565657
0.29,56.7003367
0.29,56.43097643
0.29,56.96969697
0.29,56.83501684
0.29,57.1043771
0.29,56.56565657
0.2908888889,56.16161616
0.2908888889,56.43097643
0.2908888889,56.2962963
0.2908888889,56.56565657
0.2908888889,56.7003367
0.2908888889,56.83501684
0.2917777778,56.56565657
0.2917777778,56.16161616
0.2917777778,61.41414141
0.2917777778,56.2962963
0.2917777778,56.43097643
0.2917777778,56.7003367
0.2917777778,56.02693603
0.2926666667,55.75757576
0.2926666667,56.02693603
0.2926666667,56.2962963
0.2926666667,55.89225589
0.2926666667,56.56565657
0.2926666667,56.16161616
0.2926666667,56.43097643
0.2935555556,55.89225589
0.2935555556,56.02693603
0.2935555556,56.16161616
0.2935555556,55.75757576
0.2935555556,56.2962963
0.2935555556,56.43097643
0.2944444444,56.16161616
0.2944444444,56.02693603
0.2944444444,56.2962963
0.2944444444,55.89225589
0.2944444444,55.62289562
0.2944444444,55.75757576
0.2953333333,55.62289562
0.2953333333,55.35353535
0.2953333333,55.48821549
0.2953333333,55.75757576
0.2953333333,55.89225589
0.2953333333,56.02693603
0.2953333333,56.16161616
0.2962222222,55.75757576
0.2962222222,55.89225589
0.2962222222,55.62289562
0.2962222222,55.21885522
0.2962222222,55.48821549
0.2962222222,55.35353535
0.2971111111,55.08417508
0.2971111111,55.21885522
0.2971111111,55.35353535
0.2971111111,55.75757576
0.2971111111,55.48821549
0.2971111111,55.62289562
0.298,55.21885522
0.298,54.94949495
0.298,55.35353535
0.298,55.62289562
0.298,55.48821549
0.298,55.08417508
0.298,55.75757576
0.2988888889,54.81481481
0.2988888889,55.08417508
0.2988888889,55.48821549
0.2988888889,55.21885522
0.2988888889,55.35353535
0.2988888889,54.94949495
0.2997777778,54.68013468
0.2997777778,54.54545455
0.2997777778,54.81481481
0.2997777778,54.94949495
0.2997777778,55.08417508
0.2997777778,55.21885522
0.2997777778,55.35353535
0.3006666667,54.94949495
0.3006666667,54.54545455
0.3006666667,55.08417508
0.3006666667,54.68013468
0.3006666667,54.81481481
0.3006666667,54.41077441
0.3015555556,54.81481481
0.3015555556,54.68013468
0.3015555556,54.27609428
0.3015555556,54.41077441
0.3015555556,54.94949495
0.3015555556,54.54545455
0.3024444444,54.41077441
0.3024444444,54.27609428
0.3024444444,54.54545455
0.3024444444,54.14141414
0.3024444444,54.68013468
0.3024444444,54.81481481
0.3033333333,54.54545455
0.3033333333,54.68013468
0.3033333333,54.41077441
0.3033333333,53.87205387
0.3033333333,54.27609428
0.3033333333,54.00673401
0.3033333333,54.14141414
0.3042222222,54.00673401
0.3042222222,54.14141414
0.3042222222,53.87205387
0.3042222222,54.54545455
0.3042222222,54.27609428
0.3042222222,54.41077441
0.3051111111,54.14141414
0.3051111111,54.41077441
0.3051111111,54.00673401
0.3051111111,53.6026936
0.3051111111,54.27609428
0.3051111111,53.87205387
0.3051111111,53.73737374
0.306,53.6026936
0.306,53.73737374
0.306,53.46801347
0.306,53.87205387
0.306,54.00673401
0.306,54.14141414
0.3068888889,53.33333333
0.3068888889,54.00673401
0.3068888889,53.73737374
0.3068888889,53.46801347
0.3068888889,53.6026936
0.3068888889,53.87205387
0.3077777778,53.33333333
0.3077777778,53.46801347
0.3077777778,53.1986532
0.3077777778,53.6026936
0.3077777778,53.73737374
0.3077777778,53.87205387
0.3086666667,53.1986532
0.3086666667,53.46801347
0.3086666667,53.06397306
0.3086666667,53.87205387
0.3086666667,53.33333333
0.3086666667,53.6026936
0.3086666667,53.73737374
0.3095555556,52.92929293
0.3095555556,53.06397306
0.3095555556,53.1986532
0.3095555556,53.46801347
0.3095555556,53.33333333
0.3095555556,53.6026936
0.3104444444,53.33333333
0.3104444444,53.1986532
0.3104444444,52.79461279
0.3104444444,53.46801347
0.3104444444,53.06397306
0.3104444444,52.92929293
0.3113333333,52.79461279
0.3113333333,52.92929293
0.3113333333,52.65993266
0.3113333333,53.06397306
0.3113333333,53.1986532
0.3113333333,53.33333333
0.3122222222,53.06397306
0.3122222222,52.65993266
0.3122222222,52.92929293
0.3122222222,52.52525253
0.3122222222,53.1986532
0.3122222222,52.79461279
0.3131111111,52.65993266
0.3131111111,52.39057239
0.3131111111,52.52525253
0.3131111111,52.79461279
0.3131111111,53.06397306
0.3131111111,52.92929293
0.314,52.25589226
0.314,52.52525253
0.314,52.39057239
0.314,52.65993266
0.314,52.79461279
0.3148888889,52.52525253
0.3148888889,52.65993266
0.3148888889,52.12121212
0.3148888889,52.39057239
0.3148888889,52.25589226
0.3157777778,52.52525253
0.3157777778,52.39057239
0.3157777778,52.25589226
0.3157777778,51.98653199
0.3157777778,52.12121212
0.3166666667,51.85185185
0.3166666667,51.98653199
0.3166666667,52.12121212
0.3166666667,52.39057239
0.3166666667,52.25589226
0.3175555556,51.71717172
0.3175555556,51.85185185
0.3175555556,52.12121212
0.3175555556,52.25589226
0.3175555556,51.98653199
0.3184444444,51.98653199
0.3184444444,51.85185185
0.3184444444,52.12121212
0.3184444444,51.71717172
0.3184444444,51.58249158
0.3193333333,51.98653199
0.3193333333,51.44781145
0.3193333333,51.58249158
0.3193333333,51.85185185
0.3193333333,51.71717172
0.3202222222,51.44781145
0.3202222222,51.31313131
0.3202222222,51.58249158
0.3202222222,51.85185185
0.3202222222,51.71717172
0.3211111111,51.04377104
0.3211111111,51.71717172
0.3211111111,51.31313131
0.3211111111,51.44781145
0.3211111111,51.17845118
0.3211111111,51.58249158
0.322,51.44781145
0.322,50.90909091
0.322,51.31313131
0.322,51.04377104
0.322,51.58249158
0.322,51.17845118
0.3228888889,50.90909091
0.3228888889,51.04377104
0.3228888889,50.77441077
0.3228888889,51.31313131
0.3228888889,51.44781145
0.3228888889,51.17845118
0.3237777778,51.31313131
0.3237777778,50.63973064
0.3237777778,51.04377104
0.3237777778,50.77441077
0.3237777778,50.90909091
0.3237777778,51.17845118
0.3246666667,50.63973064
0.3246666667,50.77441077
0.3246666667,50.50505051
0.3246666667,51.04377104
0.3246666667,50.90909091
0.3246666667,51.17845118
0.3255555556,50.90909091
0.3255555556,51.04377104
0.3255555556,50.77441077
0.3255555556,50.37037037
0.3255555556,50.50505051
0.3255555556,50.63973064
0.3264444444,50.23569024
0.3264444444,50.37037037
0.3264444444,50.50505051
0.3264444444,50.90909091
0.3264444444,50.63973064
0.3264444444,50.77441077
0.3273333333,50.63973064
0.3273333333,50.50505051
0.3273333333,50.77441077
0.3273333333,50.37037037
0.3273333333,50.1010101
0.3273333333,50.23569024
0.3282222222,50.63973064
0.3282222222,49.96632997
0.3282222222,50.50505051
0.3282222222,50.1010101
0.3282222222,50.37037037
0.3282222222,50.23569024
0.3291111111,49.96632997
0.3291111111,50.1010101
0.3291111111,50.23569024
0.3291111111,50.37037037
0.3291111111,50.50505051
0.33,50.1010101
0.33,50.23569024
0.33,49.83164983
0.33,50.37037037
0.33,49.96632997
0.3308888889,50.23569024
0.3308888889,50.1010101
0.3308888889,49.6969697
0.3308888889,49.83164983
0.3308888889,49.96632997
0.3317777778,49.56228956
0.3317777778,49.6969697
0.3317777778,49.83164983
0.3317777778,49.96632997
0.3317777778,50.1010101
0.3326666667,49.96632997
0.3326666667,50.1010101
0.3326666667,49.83164983
0.3326666667,49.6969697
0.3326666667,49.42760943
0.3326666667,49.56228956
0.3335555556,49.29292929
0.3335555556,49.42760943
0.3335555556,49.83164983
0.3335555556,49.6969697
0.3335555556,49.56228956
0.3344444444,49.29292929
0.3344444444,49.15824916
0.3344444444,49.42760943
0.3344444444,49.56228956
0.3344444444,49.6969697
0.3353333333,49.56228956
0.3353333333,49.42760943
0.3353333333,49.02356902
0.3353333333,49.15824916
0.3353333333,49.29292929
0.3362222222,48.88888889
0.3362222222,49.15824916
0.3362222222,49.02356902
0.3362222222,49.29292929
0.3362222222,49.42760943
0.3371111111,49.29292929
0.3371111111,48.88888889
0.3371111111,49.02356902
0.3371111111,48.75420875
0.3371111111,49.15824916
0.338,49.15824916
0.338,48.75420875
0.338,49.02356902
0.338,48.61952862
0.338,49.29292929
0.338,48.88888889
0.3388888889,49.15824916
0.3388888889,48.48484848
0.3388888889,49.02356902
0.3388888889,48.75420875
0.3388888889,48.88888889
0.3388888889,48.61952862
0.3397777778,48.75420875
0.3397777778,48.61952862
0.3397777778,48.88888889
0.3397777778,49.02356902
0.3397777778,48.35016835
0.3397777778,48.48484848
0.3406666667,48.48484848
0.3406666667,48.61952862
0.3406666667,48.21548822
0.3406666667,48.35016835
0.3406666667,48.88888889
0.3406666667,48.75420875
0.3415555556,48.61952862
0.3415555556,48.21548822
0.3415555556,48.35016835
0.3415555556,48.75420875
0.3415555556,48.08080808
0.3415555556,48.48484848
0.3424444444,48.48484848
0.3424444444,48.35016835
0.3424444444,48.08080808
0.3424444444,48.61952862
0.3424444444,48.21548822
0.3433333333,48.48484848
0.3433333333,47.94612795
0.3433333333,48.35016835
0.3433333333,48.08080808
0.3433333333,48.21548822
0.3442222222,47.81144781
0.3442222222,47.94612795
0.3442222222,48.08080808
0.3442222222,48.21548822
0.3442222222,48.35016835
0.3451111111,48.21548822
0.3451111111,48.08080808
0.3451111111,47.67676768
0.3451111111,47.81144781
0.3451111111,47.94612795
0.346,47.54208754
0.346,47.67676768
0.346,47.81144781
0.346,48.21548822
0.346,47.94612795
0.346,48.08080808
0.3468888889,47.94612795
0.3468888889,47.40740741
0.3468888889,47.81144781
0.3468888889,47.54208754
0.3468888889,47.67676768
0.3477777778,47.40740741
0.3477777778,47.54208754
0.3477777778,47.27272727
0.3477777778,47.67676768
0.3477777778,47.81144781
0.3486666667,47.67676768
0.3486666667,47.27272727
0.3486666667,47.13804714
0.3486666667,47.40740741
0.3486666667,47.54208754
0.3495555556,47.54208754
0.3495555556,47.40740741
0.3495555556,47.003367
0.3495555556,47.27272727
0.3495555556,47.67676768
0.3495555556,47.13804714
0.3504444444,47.54208754
0.3504444444,47.003367
0.3504444444,46.86868687
0.3504444444,47.40740741
0.3504444444,47.27272727
0.3504444444,47.13804714
0.3513333333,47.003367
0.3513333333,47.13804714
0.3513333333,46.86868687
0.3513333333,46.73400673
0.3513333333,47.40740741
0.3513333333,51.98653199
0.3513333333,47.27272727
0.3522222222,46.73400673
0.3522222222,47.13804714
0.3522222222,47.003367
0.3522222222,46.86868687
0.3522222222,47.27272727
0.3531111111,47.13804714
0.3531111111,47.003367
0.3531111111,46.5993266
0.3531111111,46.86868687
0.3531111111,46.73400673
0.354,46.46464646
0.354,46.73400673
0.354,46.5993266
0.354,46.32996633
0.354,46.86868687
0.354,47.003367
0.3548888889,46.73400673
0.3548888889,46.86868687
0.3548888889,46.5993266
0.3548888889,46.46464646
0.3548888889,46.32996633
0.3557777778,46.73400673
0.3557777778,51.98653199
0.3557777778,46.5993266
0.3557777778,46.1952862
0.3557777778,46.46464646
0.3557777778,46.32996633
0.3566666667,46.06060606
0.3566666667,46.32996633
0.3566666667,46.46464646
0.3566666667,46.1952862
0.3566666667,46.5993266
0.3575555556,45.92592593
0.3575555556,46.46464646
0.3575555556,46.32996633
0.3575555556,46.06060606
0.3575555556,46.1952862
0.3584444444,45.92592593
0.3584444444,46.06060606
0.3584444444,45.79124579
0.3584444444,46.46464646
0.3584444444,46.32996633
0.3584444444,46.1952862
0.3593333333,45.65656566
0.3593333333,45.92592593
0.3593333333,45.79124579
0.3593333333,46.1952862
0.3593333333,46.06060606
0.3593333333,46.32996633
0.3602222222,45.52188552
0.3602222222,45.92592593
0.3602222222,45.65656566
0.3602222222,46.1952862
0.3602222222,46.06060606
0.3602222222,45.79124579
0.3611111111,45.65656566
0.3611111111,45.79124579
0.3611111111,45.52188552
0.3611111111,45.92592593
0.3611111111,46.06060606
0.362,45.79124579
0.362,45.92592593
0.362,45.65656566
0.362,45.52188552
0.362,45.38720539
0.3628888889,45.79124579
0.3628888889,45.65656566
0.3628888889,45.25252525
0.3628888889,45.52188552
0.3628888889,45.38720539
0.3637777778,45.25252525
0.3637777778,45.38720539
0.3637777778,45.52188552
0.3637777778,45.65656566
0.3637777778,45.11784512
0.3646666667,45.11784512
0.3646666667,50.1010101
0.3646666667,45.38720539
0.3646666667,44.98316498
0.3646666667,50.77441077
0.3646666667,45.25252525
0.3646666667,45.52188552
0.3655555556,44.98316498
0.3655555556,45.11784512
0.3655555556,45.38720539
0.3655555556,45.25252525
0.3655555556,44.84848485
0.3664444444,45.25252525
0.3664444444,45.11784512
0.3664444444,44.71380471
0.3664444444,45.38720539
0.3664444444,44.98316498
0.3664444444,44.84848485
0.3673333333,44.84848485
0.3673333333,44.57912458
0.3673333333,44.71380471
0.3673333333,44.98316498
0.3673333333,45.11784512
0.3673333333,45.25252525
0.3682222222,44.44444444
0.3682222222,44.57912458
0.3682222222,44.71380471
0.3682222222,44.98316498
0.3682222222,44.84848485
0.3682222222,45.11784512
0.3691111111,44.84848485
0.3691111111,44.71380471
0.3691111111,44.44444444
0.3691111111,44.98316498
0.3691111111,44.57912458
0.37,44.84848485
0.37,44.44444444
0.37,44.30976431
0.37,44.57912458
0.37,44.71380471
0.3708888889,44.71380471
0.3708888889,44.44444444
0.3708888889,44.17508418
0.3708888889,44.30976431
0.3708888889,44.57912458
0.3717777778,44.04040404
0.3717777778,44.30976431
0.3717777778,44.17508418
0.3717777778,44.44444444
0.3717777778,44.57912458
0.3726666667,44.44444444
0.3726666667,44.30976431
0.3726666667,43.90572391
0.3726666667,44.17508418
0.3726666667,44.04040404
0.3735555556,43.77104377
0.3735555556,43.90572391
0.3735555556,44.44444444
0.3735555556,44.04040404
0.3735555556,44.17508418
0.3735555556,44.30976431
0.3744444444,44.17508418
0.3744444444,44.04040404
0.3744444444,44.30976431
0.3744444444,43.90572391
0.3744444444,43.63636364
0.3744444444,43.77104377
0.3753333333,43.77104377
0.3753333333,44.04040404
0.3753333333,43.63636364
0.3753333333,43.90572391
0.3753333333,43.5016835
0.3753333333,44.17508418
0.3762222222,43.5016835
0.3762222222,44.04040404
0.3762222222,43.90572391
0.3762222222,43.77104377
0.3762222222,43.63636364
0.3771111111,43.5016835
0.3771111111,43.36700337
0.3771111111,43.63636364
0.3771111111,43.77104377
0.3771111111,43.90572391
0.378,43.63636364
0.378,43.23232323
0.378,43.36700337
0.378,43.5016835
0.378,43.77104377
0.3788888889,43.36700337
0.3788888889,43.63636364
0.3788888889,43.5016835
0.3788888889,43.23232323
0.3788888889,43.0976431
0.3797777778,43.5016835
0.3797777778,42.96296296
0.3797777778,43.36700337
0.3797777778,43.23232323
0.3797777778,43.0976431
0.3806666667,42.96296296
0.3806666667,43.0976431
0.3806666667,42.82828283
0.3806666667,43.23232323
0.3806666667,43.36700337
0.3815555556,42.82828283
0.3815555556,43.0976431
0.3815555556,43.36700337
0.3815555556,42.96296296
0.3815555556,42.69360269
0.3815555556,43.23232323
0.3824444444,42.69360269
0.3824444444,42.55892256
0.3824444444,42.82828283
0.3824444444,42.96296296
0.3824444444,43.0976431
0.3824444444,43.23232323
0.3833333333,42.96296296
0.3833333333,43.0976431
0.3833333333,42.82828283
0.3833333333,42.69360269
0.3833333333,42.42424242
0.3833333333,42.55892256
0.3842222222,42.82828283
0.3842222222,42.69360269
0.3842222222,42.42424242
0.3842222222,42.55892256
0.3842222222,42.96296296
0.3851111111,42.28956229
0.3851111111,42.42424242
0.3851111111,42.82828283
0.3851111111,42.55892256
0.3851111111,42.69360269
0.386,42.15488215
0.386,42.28956229
0.386,42.69360269
0.386,42.42424242
0.386,42.55892256
0.3868888889,42.28956229
0.3868888889,42.15488215
0.3868888889,42.55892256
0.3868888889,42.42424242
0.3868888889,42.02020202
0.3877777778,42.15488215
0.3877777778,41.88552189
0.3877777778,42.28956229
0.3877777778,42.02020202
0.3877777778,42.42424242
0.3886666667,42.02020202
0.3886666667,41.75084175
0.3886666667,41.88552189
0.3886666667,42.15488215
0.3886666667,42.28956229
0.3886666667,42.42424242
0.3895555556,42.15488215
0.3895555556,42.28956229
0.3895555556,42.02020202
0.3895555556,41.61616162
0.3895555556,41.75084175
0.3895555556,41.88552189
0.3904444444,41.61616162
0.3904444444,41.75084175
0.3904444444,42.15488215
0.3904444444,41.88552189
0.3904444444,42.02020202
0.3913333333,41.48148148
0.3913333333,41.61616162
0.3913333333,42.02020202
0.3913333333,41.88552189
0.3913333333,41.75084175
0.3922222222,41.75084175
0.3922222222,41.34680135
0.3922222222,41.48148148
0.3922222222,41.61616162
0.3922222222,41.88552189
0.3931111111,41.61616162
0.3931111111,41.48148148
0.3931111111,41.75084175
0.3931111111,41.34680135
0.3931111111,41.21212121
0.394,41.61616162
0.394,41.34680135
0.394,41.48148148
0.394,41.21212121
0.394,41.07744108
0.3948888889,40.94276094
0.3948888889,41.21212121
0.3948888889,41.07744108
0.3948888889,41.34680135
0.3948888889,41.48148148
0.3957777778,41.48148148
0.3957777778,41.21212121
0.3957777778,40.80808081
0.3957777778,41.34680135
0.3957777778,41.07744108
0.3957777778,40.94276094
0.3966666667,41.34680135
0.3966666667,40.67340067
0.3966666667,40.80808081
0.3966666667,40.94276094
0.3966666667,41.21212121
0.3966666667,41.07744108
0.3975555556,40.80808081
0.3975555556,41.07744108
0.3975555556,40.94276094
0.3975555556,40.67340067
0.3975555556,41.21212121
0.3984444444,40.94276094
0.3984444444,40.53872054
0.3984444444,40.67340067
0.3984444444,40.80808081
0.3984444444,41.07744108
0.3993333333,40.4040404
0.3993333333,40.94276094
0.3993333333,40.53872054
0.3993333333,40.80808081
0.3993333333,40.67340067
0.4002222222,40.4040404
0.4002222222,40.26936027
0.4002222222,40.53872054
0.4002222222,40.67340067
0.4002222222,40.80808081
0.4011111111,40.4040404
0.4011111111,40.13468013
0.4011111111,40.26936027
0.4011111111,40.53872054
0.4011111111,40.67340067
0.4011111111,40.80808081
0.402,40.67340067
0.402,40.53872054
0.402,40.4040404
0.402,40.13468013
0.402,40.26936027
0.4028888889,40
0.4028888889,40.13468013
0.4028888889,40.26936027
0.4028888889,40.53872054
0.4028888889,40.4040404
0.4037777778,40.26936027
0.4037777778,39.86531987
0.4037777778,40.4040404
0.4037777778,40.13468013
0.4037777778,40
0.4046666667,39.73063973
0.4046666667,39.86531987
0.4046666667,40
0.4046666667,40.13468013
0.4046666667,40.26936027
0.4055555556,40.13468013
0.4055555556,39.73063973
0.4055555556,40
0.4055555556,39.86531987
0.4055555556,39.5959596
0.4064444444,40
0.4064444444,39.46127946
0.4064444444,39.86531987
0.4064444444,39.5959596
0.4064444444,40.13468013
0.4064444444,39.73063973
0.4073333333,39.5959596
0.4073333333,39.46127946
0.4073333333,39.73063973
0.4073333333,39.86531987
0.4073333333,40
0.4082222222,39.32659933
0.4082222222,39.46127946
0.4082222222,39.5959596
0.4082222222,39.73063973
0.4082222222,39.86531987
0.4091111111,39.5959596
0.4091111111,39.19191919
0.4091111111,39.32659933
0.4091111111,39.46127946
0.4091111111,39.73063973
0.41,39.32659933
0.41,39.05723906
0.41,39.5959596
0.41,39.19191919
0.41,39.46127946
0.4108888889,39.46127946
0.4108888889,39.19191919
0.4108888889,39.32659933
0.4108888889,39.05723906
0.4108888889,38.92255892
0.4117777778,38.92255892
0.4117777778,39.05723906
0.4117777778,38.78787879
0.4117777778,39.19191919
0.4117777778,39.32659933
0.4117777778,39.46127946
0.4126666667,39.32659933
0.4126666667,39.05723906
0.4126666667,39.19191919
0.4126666667,38.92255892
0.4126666667,38.78787879
0.4135555556,39.19191919
0.4135555556,39.05723906
0.4135555556,38.92255892
0.4135555556,38.65319865
0.4135555556,38.78787879
0.4144444444,38.51851852
0.4144444444,38.65319865
0.4144444444,38.78787879
0.4144444444,39.05723906
0.4144444444,38.92255892
0.4153333333,38.65319865
0.4153333333,38.51851852
0.4153333333,38.38383838
0.4153333333,38.78787879
0.4153333333,38.92255892
0.4162222222,38.65319865
0.4162222222,38.38383838
0.4162222222,38.51851852
0.4162222222,38.78787879
0.4162222222,38.92255892
0.4171111111,38.78787879
0.4171111111,38.24915825
0.4171111111,38.65319865
0.4171111111,38.51851852
0.4171111111,38.38383838
0.418,38.11447811
0.418,38.24915825
0.418,38.38383838
0.418,38.51851852
0.418,38.65319865
0.418,38.78787879
0.4188888889,38.51851852
0.4188888889,38.38383838
0.4188888889,37.97979798
0.4188888889,38.11447811
0.4188888889,38.24915825
0.4197777778,37.84511785
0.4197777778,37.97979798
0.4197777778,38.11447811
0.4197777778,38.38383838
0.4197777778,38.24915825
0.4206666667,37.84511785
0.4206666667,37.97979798
0.4206666667,38.38383838
0.4206666667,38.24915825
0.4206666667,38.11447811
0.4215555556,38.11447811
0.4215555556,37.97979798
0.4215555556,37.71043771
0.4215555556,37.84511785
0.4215555556,38.24915825
0.4224444444,38.11447811
0.4224444444,37.57575758
0.4224444444,37.97979798
0.4224444444,37.71043771
0.4224444444,37.84511785
0.4233333333,37.71043771
0.4233333333,37.57575758
0.4233333333,37.44107744
0.4233333333,37.84511785
0.4233333333,37.97979798
0.4242222222,37.84511785
0.4242222222,37.97979798
0.4242222222,37.71043771
0.4242222222,37.57575758
0.4242222222,37.30639731
0.4242222222,37.44107744
0.4251111111,37.84511785
0.4251111111,37.71043771
0.4251111111,37.30639731
0.4251111111,42.55892256
0.4251111111,37.57575758
0.4251111111,37.44107744
0.426,37.17171717
0.426,37.30639731
0.426,37.44107744
0.426,37.57575758
0.426,37.71043771
0.4268888889,37.57575758
0.4268888889,37.03703704
0.4268888889,37.44107744
0.4268888889,37.17171717
0.4268888889,37.30639731
0.4277777778,37.17171717
0.4277777778,36.9023569
0.4277777778,37.30639731
0.4277777778,37.44107744
0.4277777778,37.03703704
0.4286666667,37.30639731
0.4286666667,37.44107744
0.4286666667,37.17171717
0.4286666667,37.03703704
0.4286666667,36.9023569
0.4295555556,36.9023569
0.4295555556,36.76767677
0.4295555556,37.03703704
0.4295555556,37.17171717
0.4295555556,37.30639731
0.4304444444,37.03703704
0.4304444444,37.17171717
0.4304444444,42.55892256
0.4304444444,36.9023569
0.4304444444,36.63299663
0.4304444444,36.76767677
0.4313333333,36.63299663
0.4313333333,37.03703704
0.4313333333,36.9023569
0.4313333333,36.76767677
0.4313333333,36.4983165
0.4322222222,36.63299663
0.4322222222,36.76767677
0.4322222222,37.03703704
0.4322222222,36.4983165
0.4322222222,36.9023569
0.4331111111,36.4983165
0.4331111111,36.63299663
0.4331111111,36.36363636
0.4331111111,36.76767677
0.4331111111,36.9023569
0.434,36.63299663
0.434,36.36363636
0.434,36.4983165
0.434,36.76767677
0.434,36.22895623
0.4348888889,36.36363636
0.4348888889,36.22895623
0.4348888889,36.09427609
0.4348888889,36.4983165
0.4348888889,36.63299663
0.4357777778,36.4983165
0.4357777778,36.63299663
0.4357777778,36.36363636
0.4357777778,36.09427609
0.4357777778,36.22895623
0.4366666667,35.95959596
0.4366666667,36.09427609
0.4366666667,36.22895623
0.4366666667,36.4983165
0.4366666667,36.36363636
0.4375555556,36.22895623
0.4375555556,35.82491582
0.4375555556,35.95959596
0.4375555556,36.36363636
0.4375555556,36.09427609
0.4384444444,35.95959596
0.4384444444,35.69023569
0.4384444444,36.09427609
0.4384444444,36.22895623
0.4384444444,35.82491582
0.4393333333,35.69023569
0.4393333333,35.95959596
0.4393333333,35.82491582
0.4393333333,36.09427609
0.4402222222,35.69023569
0.4402222222,35.82491582
0.4402222222,36.09427609
0.4402222222,35.95959596
0.4402222222,35.55555556
0.4411111111,35.82491582
0.4411111111,35.42087542
0.4411111111,35.55555556
0.4411111111,35.69023569
0.4411111111,35.95959596
0.442,35.42087542
0.442,35.28619529
0.442,35.55555556
0.442,35.69023569
0.442,35.82491582
0.4428888889,35.69023569
0.4428888889,35.28619529
0.4428888889,35.42087542
0.4428888889,35.15151515
0.4428888889,35.55555556
0.4437777778,35.55555556
0.4437777778,35.69023569
0.4437777778,35.15151515
0.4437777778,35.28619529
0.4437777778,35.42087542
0.4446666667,35.01683502
0.4446666667,35.42087542
0.4446666667,35.15151515
0.4446666667,35.28619529
0.4446666667,35.55555556
0.4455555556,35.15151515
0.4455555556,35.01683502
0.4455555556,35.28619529
0.4455555556,35.42087542
0.4455555556,34.88215488
0.4464444444,35.28619529
0.4464444444,35.42087542
0.4464444444,35.15151515
0.4464444444,34.88215488
0.4464444444,35.01683502
0.4473333333,35.15151515
0.4473333333,34.74747475
0.4473333333,35.01683502
0.4473333333,34.88215488
0.4473333333,35.28619529
0.4482222222,34.61279461
0.4482222222,34.88215488
0.4482222222,34.74747475
0.4482222222,35.15151515
0.4482222222,35.01683502
0.4491111111,35.01683502
0.4491111111,34.61279461
0.4491111111,34.47811448
0.4491111111,34.74747475
0.4491111111,34.88215488
0.4491111111,35.15151515
0.45,34.47811448
0.45,34.74747475
0.45,35.01683502
0.45,34.61279461
0.45,34.88215488
0.4508888889,34.88215488
0.4508888889,34.61279461
0.4508888889,34.74747475
0.4508888889,34.47811448
0.4508888889,34.34343434
0.4517777778,34.74747475
0.4517777778,34.61279461
0.4517777778,34.20875421
0.4517777778,34.34343434
0.4517777778,34.47811448
0.4526666667,34.20875421
0.4526666667,34.34343434
0.4526666667,34.47811448
0.4526666667,34.61279461
0.4535555556,34.47811448
0.4535555556,34.20875421
0.4535555556,34.34343434
0.4535555556,34.07407407
0.4535555556,34.61279461
0.4544444444,34.34343434
0.4544444444,34.20875421
0.4544444444,33.93939394
0.4544444444,34.47811448
0.4544444444,34.07407407
0.4553333333,34.34343434
0.4553333333,33.93939394
0.4553333333,34.20875421
0.4553333333,34.07407407
0.4562222222,33.8047138
0.4562222222,33.93939394
0.4562222222,34.07407407
0.4562222222,34.20875421
0.4562222222,34.34343434
0.4571111111,34.07407407
0.4571111111,33.8047138
0.4571111111,33.93939394
0.4571111111,33.67003367
0.4571111111,34.20875421
0.458,34.07407407
0.458,33.53535354
0.458,33.93939394
0.458,33.67003367
0.458,33.8047138
0.4588888889,33.53535354
0.4588888889,33.67003367
0.4588888889,33.93939394
0.4588888889,33.8047138
0.4588888889,34.07407407
0.4597777778,33.8047138
0.4597777778,33.4006734
0.4597777778,33.67003367
0.4597777778,33.53535354
0.4597777778,33.93939394
0.4606666667,33.67003367
0.4606666667,33.4006734
0.4606666667,33.8047138
0.4606666667,33.53535354
0.4606666667,33.26599327
0.4615555556,33.53535354
0.4615555556,33.67003367
0.4615555556,33.4006734
0.4615555556,33.26599327
0.4624444444,33.13131313
0.4624444444,33.67003367
0.4624444444,33.4006734
0.4624444444,33.26599327
0.4624444444,33.53535354
0.4633333333,32.996633
0.4633333333,33.13131313
0.4633333333,33.26599327
0.4633333333,33.4006734
0.4633333333,33.53535354
0.4642222222,33.4006734
0.4642222222,33.26599327
0.4642222222,33.13131313
0.4642222222,32.996633
0.4651111111,33.26599327
0.4651111111,32.86195286
0.4651111111,37.97979798
0.4651111111,38.51851852
0.4651111111,33.13131313
0.4651111111,32.996633
0.4651111111,33.4006734
0.466,32.86195286
0.466,32.996633
0.466,32.72727273
0.466,33.13131313
0.466,33.26599327
0.4668888889,33.13131313
0.4668888889,32.996633
0.4668888889,32.72727273
0.4668888889,32.86195286
0.4677777778,32.59259259
0.4677777778,32.996633
0.4677777778,32.86195286
0.4677777778,32.72727273
0.4677777778,33.13131313
0.4686666667,32.72727273
0.4686666667,32.45791246
0.4686666667,32.59259259
0.4686666667,32.86195286
0.4686666667,32.996633
0.4695555556,32.86195286
0.4695555556,32.72727273
0.4695555556,32.59259259
0.4695555556,32.45791246
0.4704444444,32.72727273
0.4704444444,32.86195286
0.4704444444,32.45791246
0.4704444444,32.59259259
0.4704444444,32.32323232
0.4713333333,32.45791246
0.4713333333,32.18855219
0.4713333333,32.59259259
0.4713333333,32.72727273
0.4713333333,32.32323232
0.4722222222,32.59259259
0.4722222222,32.45791246
0.4722222222,32.32323232
0.4722222222,32.18855219
0.4731111111,32.18855219
0.4731111111,32.32323232
0.4731111111,32.05387205
0.4731111111,32.45791246
0.4731111111,32.59259259
0.474,31.91919192
0.474,32.05387205
0.474,32.18855219
0.474,32.45791246
0.474,32.32323232
0.4748888889,32.18855219
0.4748888889,31.91919192
0.4748888889,32.32323232
0.4748888889,32.05387205
0.4757777778,32.05387205
0.4757777778,32.32323232
0.4757777778,32.18855219
0.4757777778,31.91919192
0.4757777778,31.78451178
0.4766666667,31.64983165
0.4766666667,32.05387205
0.4766666667,31.91919192
0.4766666667,32.18855219
0.4766666667,31.78451178
0.4775555556,31.64983165
0.4775555556,31.78451178
0.4775555556,31.91919192
0.4775555556,32.05387205
0.4784444444,31.64983165
0.4784444444,32.05387205
0.4784444444,31.78451178
0.4784444444,31.51515152
0.4784444444,31.91919192
0.4793333333,31.51515152
0.4793333333,31.64983165
0.4793333333,31.91919192
0.4793333333,31.78451178
0.4793333333,31.38047138
0.4802222222,31.38047138
0.4802222222,31.78451178
0.4802222222,31.64983165
0.4802222222,31.51515152
0.4811111111,31.78451178
0.4811111111,31.64983165
0.4811111111,31.38047138
0.4811111111,31.24579125
0.4811111111,31.51515152
0.482,31.38047138
0.482,31.24579125
0.482,31.11111111
0.482,31.51515152
0.482,31.64983165
0.4828888889,31.51515152
0.4828888889,31.64983165
0.4828888889,31.38047138
0.4828888889,31.11111111
0.4828888889,31.24579125
0.4837777778,31.11111111
0.4837777778,31.51515152
0.4837777778,31.24579125
0.4837777778,30.97643098
0.4837777778,31.38047138
0.4846666667,30.97643098
0.4846666667,31.24579125
0.4846666667,31.38047138
0.4846666667,31.11111111
0.4846666667,30.84175084
0.4855555556,31.24579125
0.4855555556,31.38047138
0.4855555556,31.11111111
0.4855555556,30.84175084
0.4855555556,30.97643098
0.4864444444,30.84175084
0.4864444444,30.97643098
0.4864444444,30.70707071
0.4864444444,31.11111111
0.4864444444,31.24579125
0.4873333333,30.97643098
0.4873333333,31.11111111
0.4873333333,30.84175084
0.4873333333,30.70707071
0.4882222222,30.57239057
0.4882222222,31.11111111
0.4882222222,30.97643098
0.4882222222,30.84175084
0.4882222222,30.70707071
0.4891111111,30.43771044
0.4891111111,30.70707071
0.4891111111,30.97643098
0.4891111111,30.57239057
0.4891111111,30.84175084
0.49,30.84175084
0.49,30.70707071
0.49,30.57239057
0.49,30.43771044
0.4908888889,30.43771044
0.4908888889,30.57239057
0.4908888889,30.3030303
0.4908888889,30.84175084
0.4908888889,30.70707071
0.4917777778,30.70707071
0.4917777778,30.57239057
0.4917777778,30.43771044
0.4917777778,30.3030303
0.4926666667,30.57239057
0.4926666667,30.16835017
0.4926666667,30.43771044
0.4926666667,30.3030303
0.4926666667,30.70707071
0.4935555556,30.16835017
0.4935555556,30.3030303
0.4935555556,30.03367003
0.4935555556,30.43771044
0.4935555556,30.57239057
0.4944444444,30.43771044
0.4944444444,30.3030303
0.4944444444,30.03367003
0.4944444444,30.16835017
0.4953333333,29.8989899
0.4953333333,30.3030303
0.4953333333,30.03367003
0.4953333333,30.16835017
0.4953333333,30.43771044
0.4962222222,30.03367003
0.4962222222,29.8989899
0.4962222222,30.3030303
0.4962222222,30.16835017
0.4971111111,30.16835017
0.4971111111,30.3030303
0.4971111111,30.03367003
0.4971111111,29.8989899
0.4971111111,29.76430976
0.498,30.03367003
0.498,30.16835017
0.498,29.62962963
0.498,29.76430976
0.498,29.8989899
0.4988888889,29.49494949
0.4988888889,29.62962963
0.4988888889,29.76430976
0.4988888889,29.8989899
0.4988888889,30.03367003
0.4997777778,29.62962963
0.4997777778,29.49494949
0.4997777778,29.76430976
0.4997777778,29.8989899
0.4997777778,30.03367003
0.5006666667,29.49494949
0.5006666667,29.62962963
0.5006666667,29.8989899
0.5006666667,29.76430976
0.5015555556,29.76430976
0.5015555556,29.62962963
0.5015555556,29.8989899
0.5015555556,29.49494949
0.5015555556,29.36026936
0.5024444444,29.76430976
0.5024444444,29.62962963
0.5024444444,29.49494949
0.5024444444,29.36026936
0.5024444444,29.22558923
0.5033333333,29.22558923
0.5033333333,29.36026936
0.5033333333,29.62962963
0.5033333333,29.49494949
0.5042222222,29.62962963
0.5042222222,29.36026936
0.5042222222,29.09090909
0.5042222222,29.49494949
0.5042222222,29.22558923
0.5051111111,29.49494949
0.5051111111,29.09090909
0.5051111111,29.36026936
0.5051111111,28.95622896
0.5051111111,29.22558923
0.506,29.49494949
0.506,29.36026936
0.506,29.09090909
0.506,29.22558923
0.506,28.95622896
0.5068888889,28.82154882
0.5068888889,28.95622896
0.5068888889,29.36026936
0.5068888889,29.22558923
0.5068888889,29.09090909
0.5077777778,28.82154882
0.5077777778,28.95622896
0.5077777778,29.09090909
0.5077777778,29.22558923
0.5077777778,29.36026936
0.5086666667,29.09090909
0.5086666667,28.82154882
0.5086666667,28.95622896
0.5086666667,28.68686869
0.5086666667,29.22558923
0.5095555556,28.95622896
0.5095555556,28.68686869
0.5095555556,29.09090909
0.5095555556,28.82154882
0.5104444444,29.09090909
0.5104444444,28.95622896
0.5104444444,28.55218855
0.5104444444,28.68686869
0.5104444444,28.82154882
0.5113333333,28.55218855
0.5113333333,28.68686869
0.5113333333,28.95622896
0.5113333333,28.82154882
0.5113333333,33.26599327
0.5122222222,28.41750842
0.5122222222,28.55218855
0.5122222222,28.95622896
0.5122222222,28.82154882
0.5122222222,28.68686869
0.5131111111,28.68686869
0.5131111111,28.41750842
0.5131111111,28.82154882
0.5131111111,28.55218855
0.5131111111,28.28282828
0.514,28.55218855
0.514,28.68686869
0.514,28.41750842
0.514,28.28282828
0.5148888889,28.14814815
0.5148888889,28.28282828
0.5148888889,28.68686869
0.5148888889,28.41750842
0.5148888889,28.55218855
0.5157777778,28.14814815
0.5157777778,28.28282828
0.5157777778,28.41750842
0.5157777778,28.55218855
0.5166666667,28.41750842
0.5166666667,28.55218855
0.5166666667,28.28282828
0.5166666667,28.01346801
0.5166666667,28.14814815
0.5175555556,28.28282828
0.5175555556,28.41750842
0.5175555556,28.01346801
0.5175555556,33.26599327
0.5175555556,28.14814815
0.5184444444,28.41750842
0.5184444444,27.87878788
0.5184444444,28.01346801
0.5184444444,28.14814815
0.5184444444,28.28282828
0.5193333333,28.14814815
0.5193333333,28.01346801
0.5193333333,27.87878788
0.5193333333,28.28282828
0.5202222222,28.01346801
0.5202222222,27.74410774
0.5202222222,28.14814815
0.5202222222,27.87878788
0.5211111111,27.60942761
0.5211111111,28.14814815
0.5211111111,28.01346801
0.5211111111,27.74410774
0.5211111111,27.87878788
0.522,27.74410774
0.522,27.87878788
0.522,27.60942761
0.522,28.01346801
0.5228888889,28.01346801
0.5228888889,27.74410774
0.5228888889,27.60942761
0.5228888889,27.87878788
0.5228888889,27.47474747
0.5237777778,27.47474747
0.5237777778,27.60942761
0.5237777778,27.87878788
0.5237777778,27.74410774
0.5246666667,27.74410774
0.5246666667,27.87878788
0.5246666667,27.60942761
0.5246666667,27.34006734
0.5246666667,27.47474747
0.5255555556,27.74410774
0.5255555556,27.60942761
0.5255555556,27.34006734
0.5255555556,27.47474747
0.5264444444,27.74410774
0.5264444444,27.34006734
0.5264444444,27.20538721
0.5264444444,27.47474747
0.5264444444,27.60942761
0.5273333333,27.47474747
0.5273333333,27.60942761
0.5273333333,27.34006734
0.5273333333,27.20538721
0.5282222222,27.47474747
0.5282222222,27.07070707
0.5282222222,27.60942761
0.5282222222,27.34006734
0.5282222222,27.20538721
0.5291111111,26.93602694
0.5291111111,27.20538721
0.5291111111,27.07070707
0.5291111111,27.34006734
0.5291111111,27.47474747
0.53,27.34006734
0.53,27.20538721
0.53,26.93602694
0.53,27.07070707
0.5308888889,26.8013468
0.5308888889,27.34006734
0.5308888889,27.07070707
0.5308888889,26.93602694
0.5308888889,27.20538721
0.5317777778,27.07070707
0.5317777778,26.8013468
0.5317777778,27.20538721
0.5317777778,26.93602694
0.5326666667,26.93602694
0.5326666667,26.66666667
0.5326666667,26.8013468
0.5326666667,27.20538721
0.5326666667,27.07070707
0.5335555556,26.93602694
0.5335555556,26.66666667
0.5335555556,27.07070707
0.5335555556,26.8013468
0.5344444444,26.66666667
0.5344444444,27.07070707
0.5344444444,26.8013468
0.5344444444,26.53198653
0.5344444444,26.93602694
0.5353333333,26.93602694
0.5353333333,26.66666667
0.5353333333,26.53198653
0.5353333333,26.8013468
0.5362222222,26.93602694
0.5362222222,26.8013468
0.5362222222,26.53198653
0.5362222222,26.3973064
0.5362222222,26.66666667
0.5371111111,26.3973064
0.5371111111,26.53198653
0.5371111111,26.66666667
0.5371111111,26.8013468
0.538,26.26262626
0.538,26.66666667
0.538,26.8013468
0.538,26.53198653
0.538,26.3973064
0.5388888889,26.53198653
0.5388888889,26.26262626
0.5388888889,26.3973064
0.5388888889,26.66666667
0.5397777778,26.3973064
0.5397777778,26.66666667
0.5397777778,26.53198653
0.5397777778,26.26262626
0.5397777778,26.12794613
0.5406666667,26.26262626
0.5406666667,26.12794613
0.5406666667,26.3973064
0.5406666667,26.53198653
0.5415555556,26.3973064
0.5415555556,26.53198653
0.5415555556,26.26262626
0.5415555556,25.99326599
0.5415555556,26.12794613
0.5424444444,25.99326599
0.5424444444,26.26262626
0.5424444444,26.3973064
0.5424444444,26.12794613
0.5433333333,25.85858586
0.5433333333,25.99326599
0.5433333333,26.12794613
0.5433333333,26.3973064
0.5433333333,26.26262626
0.5442222222,26.12794613
0.5442222222,25.85858586
0.5442222222,25.72390572
0.5442222222,25.99326599
0.5442222222,26.26262626
0.5451111111,25.85858586
0.5451111111,25.99326599
0.5451111111,25.72390572
0.5451111111,26.12794613
0.5451111111,26.26262626
0.546,25.99326599
0.546,26.12794613
0.546,25.72390572
0.546,25.85858586
0.5468888889,25.58922559
0.5468888889,25.85858586
0.5468888889,25.72390572
0.5468888889,25.99326599
0.5468888889,26.12794613
0.5477777778,25.85858586
0.5477777778,25.58922559
0.5477777778,25.99326599
0.5477777778,25.72390572
0.5486666667,25.45454545
0.5486666667,25.58922559
0.5486666667,25.72390572
0.5486666667,25.85858586
0.5486666667,25.99326599
0.5495555556,25.72390572
0.5495555556,25.85858586
0.5495555556,25.58922559
0.5495555556,25.45454545
0.5504444444,25.31986532
0.5504444444,25.72390572
0.5504444444,25.85858586
0.5504444444,25.58922559
0.5504444444,25.45454545
0.5513333333,25.31986532
0.5513333333,25.45454545
0.5513333333,25.58922559
0.5513333333,25.72390572
0.5522222222,25.18518519
0.5522222222,25.58922559
0.5522222222,25.45454545
0.5522222222,25.72390572
0.5522222222,25.31986532
0.5531111111,25.18518519
0.5531111111,25.45454545
0.5531111111,25.31986532
0.5531111111,25.58922559
0.554,25.58922559
0.554,25.31986532
0.554,25.05050505
0.554,25.45454545
0.554,25.18518519
0.5548888889,25.45454545
0.5548888889,25.31986532
0.5548888889,25.18518519
0.5548888889,25.05050505
0.5557777778,25.18518519
0.5557777778,25.05050505
0.5557777778,24.91582492
0.5557777778,25.31986532
0.5557777778,25.45454545
0.5566666667,25.18518519
0.5566666667,24.91582492
0.5566666667,25.05050505
0.5566666667,25.31986532
0.5575555556,25.18518519
0.5575555556,24.91582492
0.5575555556,24.78114478
0.5575555556,25.05050505
0.5575555556,25.31986532
0.5584444444,24.91582492
0.5584444444,24.78114478
0.5584444444,25.05050505
0.5584444444,25.18518519
0.5593333333,25.05050505
0.5593333333,25.18518519
0.5593333333,24.91582492
0.5593333333,24.64646465
0.5593333333,24.78114478
0.5602222222,24.64646465
0.5602222222,24.91582492
0.5602222222,24.78114478
0.5602222222,25.05050505
0.5611111111,24.78114478
0.5611111111,24.64646465
0.5611111111,24.51178451
0.5611111111,25.05050505
0.5611111111,24.91582492
0.562,24.91582492
0.562,24.51178451
0.562,24.64646465
0.562,24.78114478
0.5628888889,24.78114478
0.5628888889,24.64646465
0.5628888889,24.37710438
0.5628888889,24.91582492
0.5628888889,24.51178451
0.5637777778,24.78114478
0.5637777778,24.64646465
0.5637777778,24.37710438
0.5637777778,24.51178451
0.5646666667,24.37710438
0.5646666667,24.51178451
0.5646666667,24.24242424
0.5646666667,24.78114478
0.5646666667,24.64646465
0.5646666667,28.95622896
0.5655555556,24.51178451
0.5655555556,24.24242424
0.5655555556,24.64646465
0.5655555556,24.37710438
0.5664444444,24.64646465
0.5664444444,24.24242424
0.5664444444,24.10774411
0.5664444444,24.37710438
0.5664444444,24.51178451
0.5673333333,24.37710438
0.5673333333,24.10774411
0.5673333333,24.51178451
0.5673333333,24.24242424
0.5682222222,24.10774411
0.5682222222,24.24242424
0.5682222222,23.97306397
0.5682222222,24.37710438
0.5682222222,24.51178451
0.5691111111,24.24242424
0.5691111111,23.97306397
0.5691111111,24.37710438
0.5691111111,24.10774411
0.57,23.83838384
0.57,24.37710438
0.57,24.10774411
0.57,23.97306397
0.57,24.24242424
0.5708888889,23.83838384
0.5708888889,23.97306397
0.5708888889,24.10774411
0.5708888889,24.24242424
0.5717777778,24.10774411
0.5717777778,23.97306397
0.5717777778,24.24242424
0.5717777778,23.83838384
0.5717777778,23.7037037
0.5726666667,24.10774411
0.5726666667,23.97306397
0.5726666667,23.7037037
0.5726666667,23.83838384
0.5735555556,23.97306397
0.5735555556,23.7037037
0.5735555556,23.83838384
0.5735555556,24.10774411
0.5744444444,23.56902357
0.5744444444,23.7037037
0.5744444444,23.83838384
0.5744444444,23.97306397
0.5753333333,23.56902357
0.5753333333,23.83838384
0.5753333333,23.7037037
0.5753333333,23.97306397
0.5762222222,23.83838384
0.5762222222,23.56902357
0.5762222222,23.7037037
0.5762222222,23.97306397
0.5762222222,23.43434343
0.5771111111,23.7037037
0.5771111111,23.43434343
0.5771111111,23.83838384
0.5771111111,23.56902357
0.578,23.56902357
0.578,23.7037037
0.578,23.2996633
0.578,23.43434343
0.578,23.83838384
0.5788888889,23.2996633
0.5788888889,23.43434343
0.5788888889,23.56902357
0.5788888889,23.7037037
0.5797777778,23.56902357
0.5797777778,23.2996633
0.5797777778,23.7037037
0.5797777778,23.16498316
0.5797777778,23.43434343
0.5806666667,23.2996633
0.5806666667,23.16498316
0.5806666667,23.56902357
0.5806666667,23.43434343
0.5815555556,23.2996633
0.5815555556,23.56902357
0.5815555556,23.16498316
0.5815555556,23.43434343
0.5824444444,23.16498316
0.5824444444,23.03030303
0.5824444444,23.2996633
0.5824444444,23.43434343
0.5833333333,23.43434343
0.5833333333,23.03030303
0.5833333333,23.16498316
0.5833333333,23.2996633
0.5842222222,23.2996633
0.5842222222,23.16498316
0.5842222222,22.8956229
0.5842222222,23.03030303
0.5851111111,23.2996633
0.5851111111,23.16498316
0.5851111111,23.03030303
0.5851111111,22.8956229
0.586,22.76094276
0.586,22.8956229
0.586,23.03030303
0.586,23.2996633
0.586,23.16498316
0.5868888889,23.16498316
0.5868888889,23.03030303
0.5868888889,22.8956229
0.5868888889,22.76094276
0.5877777778,23.03030303
0.5877777778,22.62626263
0.5877777778,22.8956229
0.5877777778,22.76094276
0.5877777778,23.16498316
0.5886666667,23.03030303
0.5886666667,22.62626263
0.5886666667,22.8956229
0.5886666667,22.76094276
0.5895555556,22.76094276
0.5895555556,22.62626263
0.5895555556,22.8956229
0.5895555556,23.03030303
0.5904444444,22.49158249
0.5904444444,22.8956229
0.5904444444,22.76094276
0.5904444444,22.62626263
0.5913333333,22.49158249
0.5913333333,22.76094276
0.5913333333,22.62626263
0.5913333333,22.8956229
0.5922222222,22.35690236
0.5922222222,22.49158249
0.5922222222,22.62626263
0.5922222222,22.76094276
0.5922222222,22.8956229
0.5931111111,22.76094276
0.5931111111,22.62626263
0.5931111111,22.35690236
0.5931111111,22.49158249
0.594,22.35690236
0.594,22.22222222
0.594,22.49158249
0.594,22.76094276
0.594,22.62626263
0.5948888889,22.35690236
0.5948888889,22.49158249
0.5948888889,22.62626263
0.5948888889,22.22222222
0.5957777778,22.49158249
0.5957777778,22.62626263
0.5957777778,22.22222222
0.5957777778,22.35690236
0.5966666667,22.08754209
0.5966666667,22.35690236
0.5966666667,22.22222222
0.5966666667,22.49158249
0.5975555556,22.35690236
0.5975555556,22.08754209
0.5975555556,21.95286195
0.5975555556,22.22222222
0.5975555556,22.49158249
0.5984444444,21.95286195
0.5984444444,22.08754209
0.5984444444,22.22222222
0.5984444444,22.49158249
0.5984444444,22.35690236
0.5993333333,22.22222222
0.5993333333,21.95286195
0.5993333333,22.35690236
0.5993333333,22.08754209
0.6002222222,22.22222222
0.6002222222,21.95286195
0.6002222222,22.35690236
0.6002222222,22.08754209
0.6011111111,21.95286195
0.6011111111,21.81818182
0.6011111111,22.08754209
0.6011111111,22.22222222
0.602,21.81818182
0.602,22.22222222
0.602,21.95286195
0.602,22.08754209
0.6028888889,22.08754209
0.6028888889,21.95286195
0.6028888889,21.81818182
0.6028888889,21.68350168
0.6028888889,22.22222222
0.6037777778,21.68350168
0.6037777778,21.81818182
0.6037777778,21.95286195
0.6037777778,22.08754209
0.6046666667,21.68350168
0.6046666667,22.08754209
0.6046666667,21.54882155
0.6046666667,21.95286195
0.6046666667,21.81818182
0.6055555556,21.54882155
0.6055555556,21.68350168
0.6055555556,21.81818182
0.6055555556,21.95286195
0.6064444444,21.81818182
0.6064444444,21.95286195
0.6064444444,21.68350168
0.6064444444,21.54882155
0.6073333333,21.81818182
0.6073333333,21.95286195
0.6073333333,21.41414141
0.6073333333,21.68350168
0.6073333333,21.54882155
0.6082222222,21.41414141
0.6082222222,21.54882155
0.6082222222,21.81818182
0.6082222222,21.68350168
0.6091111111,21.27946128
0.6091111111,21.68350168
0.6091111111,21.54882155
0.6091111111,21.41414141
0.6091111111,21.81818182
0.61,21.27946128
0.61,21.54882155
0.61,21.41414141
0.61,21.68350168
0.6108888889,21.68350168
0.6108888889,21.41414141
0.6108888889,21.27946128
0.6108888889,21.54882155
0.6117777778,21.54882155
0.6117777778,21.41414141
0.6117777778,21.27946128
0.6117777778,21.14478114
0.6126666667,21.54882155
0.6126666667,21.41414141
0.6126666667,21.14478114
0.6126666667,21.27946128
0.6135555556,21.14478114
0.6135555556,21.01010101
0.6135555556,21.27946128
0.6135555556,21.41414141
0.6135555556,21.54882155
0.6144444444,21.41414141
0.6144444444,21.27946128
0.6144444444,21.01010101
0.6144444444,21.14478114
0.6153333333,21.27946128
0.6153333333,21.41414141
0.6153333333,21.01010101
0.6153333333,21.14478114
0.6162222222,20.87542088
0.6162222222,21.14478114
0.6162222222,21.01010101
0.6162222222,21.27946128
0.6171111111,21.14478114
0.6171111111,21.27946128
0.6171111111,21.01010101
0.6171111111,20.87542088
0.618,21.14478114
0.618,20.74074074
0.618,21.27946128
0.618,21.01010101
0.618,20.87542088
0.6188888889,21.14478114
0.6188888889,20.74074074
0.6188888889,21.01010101
0.6188888889,20.87542088
0.6197777778,20.87542088
0.6197777778,20.74074074
0.6197777778,21.01010101
0.6197777778,21.14478114
0.6206666667,21.01010101
0.6206666667,20.87542088
0.6206666667,20.74074074
0.6206666667,20.60606061
0.6215555556,21.01010101
0.6215555556,20.87542088
0.6215555556,20.74074074
0.6215555556,20.60606061
0.6224444444,20.60606061
0.6224444444,20.47138047
0.6224444444,20.74074074
0.6224444444,20.87542088
0.6224444444,21.01010101
0.6233333333,20.87542088
0.6233333333,20.74074074
0.6233333333,20.47138047
0.6233333333,20.60606061
0.6242222222,20.87542088
0.6242222222,20.74074074
0.6242222222,20.47138047
0.6242222222,20.60606061
0.6251111111,20.47138047
0.6251111111,20.60606061
0.6251111111,20.33670034
0.6251111111,20.87542088
0.6251111111,20.74074074
0.626,20.47138047
0.626,20.74074074
0.626,20.33670034
0.626,20.60606061
0.6268888889,20.2020202
0.6268888889,20.74074074
0.6268888889,20.47138047
0.6268888889,20.33670034
0.6268888889,20.60606061
0.6277777778,20.2020202
0.6277777778,20.47138047
0.6277777778,20.33670034
0.6277777778,20.60606061
0.6286666667,20.33670034
0.6286666667,20.06734007
0.6286666667,20.2020202
0.6286666667,20.47138047
0.6286666667,20.60606061
0.6295555556,20.06734007
0.6295555556,20.47138047
0.6295555556,20.33670034
0.6295555556,20.2020202
0.6295555556,20.60606061
0.6304444444,20.2020202
0.6304444444,20.06734007
0.6304444444,20.47138047
0.6304444444,20.33670034
0.6313333333,20.33670034
0.6313333333,20.2020202
0.6313333333,20.06734007
0.6313333333,20.47138047
0.6322222222,20.33670034
0.6322222222,20.06734007
0.6322222222,20.2020202
0.6322222222,19.93265993
0.6331111111,19.93265993
0.6331111111,20.06734007
0.6331111111,20.2020202
0.6331111111,20.33670034
0.634,19.93265993
0.634,20.2020202
0.634,20.33670034
0.634,20.06734007
0.6348888889,20.2020202
0.6348888889,20.06734007
0.6348888889,19.7979798
0.6348888889,19.93265993
0.6357777778,19.7979798
0.6357777778,20.06734007
0.6357777778,19.93265993
0.6357777778,20.2020202
0.6366666667,19.7979798
0.6366666667,19.93265993
0.6366666667,20.2020202
0.6366666667,19.66329966
0.6366666667,20.06734007
0.6375555556,20.06734007
0.6375555556,19.93265993
0.6375555556,19.7979798
0.6375555556,19.66329966
0.6384444444,19.66329966
0.6384444444,20.06734007
0.6384444444,19.93265993
0.6384444444,19.7979798
0.6384444444,23.83838384
0.6393333333,19.7979798
0.6393333333,19.66329966
0.6393333333,19.93265993
0.6393333333,20.06734007
0.6393333333,19.52861953
0.6402222222,19.66329966
0.6402222222,19.52861953
0.6402222222,20.06734007
0.6402222222,19.7979798
0.6402222222,19.93265993
0.6411111111,19.7979798
0.6411111111,19.93265993
0.6411111111,19.66329966
0.6411111111,19.52861953
0.642,19.52861953
0.642,19.7979798
0.642,19.66329966
0.642,19.39393939
0.6428888889,19.7979798
0.6428888889,19.52861953
0.6428888889,19.39393939
0.6428888889,19.66329966
0.6437777778,19.39393939
0.6437777778,19.52861953
0.6437777778,19.25925926
0.6437777778,19.7979798
0.6437777778,19.66329966
0.6446666667,19.39393939
0.6446666667,19.66329966
0.6446666667,19.25925926
0.6446666667,19.52861953
0.6455555556,19.66329966
0.6455555556,19.52861953
0.6455555556,19.39393939
0.6455555556,19.25925926
0.6464444444,19.66329966
0.6464444444,19.12457912
0.6464444444,19.39393939
0.6464444444,19.25925926
0.6464444444,19.52861953
0.6464444444,23.83838384
0.6473333333,19.12457912
0.6473333333,19.25925926
0.6473333333,19.52861953
0.6473333333,19.39393939
0.6482222222,19.39393939
0.6482222222,19.25925926
0.6482222222,19.52861953
0.6482222222,19.12457912
0.6491111111,19.25925926
0.6491111111,19.12457912
0.6491111111,19.39393939
0.6491111111,18.98989899